DROP TABLE EMPMENT;

CREATE TABLE EMPMENT(
  EMPMENT_CODE VARCHAR2(10) PRIMARY KEY,
  EMPMENT_NAME VARCHAR2(10) NOT NULL
);

COMMENT ON TABLE EMPMENT IS '고용형태';
COMMENT ON COLUMN EMPMENT.EMPMENT_CODE IS '고용코드';
COMMENT ON COLUMN EMPMENT.EMPMENT_NAME IS '고용형태이름';

DROP TABLE DEDUCTION;

CREATE TABLE DEDUCTION (
	DEDUCTION_CODE	VARCHAR(15)		PRIMARY KEY,
	DEDUCTION_NO	NUMBER		NOT NULL UNIQUE,
	DEDUCTION_NAME	VARCHAR(100)		NOT NULL,
	DEDUCTION_FORMULA	VARCHAR(1500)		NOT NULL,
	DEDUCTION_ETC	VARCHAR(1000)		NULL
  
);

COMMENT ON TABLE DEDUCTION IS '공제';
COMMENT ON COLUMN DEDUCTION.DEDUCTION_CODE IS '공제코드';
COMMENT ON COLUMN DEDUCTION.DEDUCTION_NO IS '공제번호';
COMMENT ON COLUMN DEDUCTION.DEDUCTION_NAME IS '공제명';
COMMENT ON COLUMN DEDUCTION.DEDUCTION_FORMULA IS '공제수식';
COMMENT ON COLUMN DEDUCTION.DEDUCTION_ETC IS '설명';


DROP TABLE ALLOWANCE;

CREATE TABLE ALLOWANCE (
	ALLOWANCE_CODE	VARCHAR(15)	CONSTRAINT PK_ALLOWANCE_CODE PRIMARY KEY,
	ALLOWANCE_NO	NUMBER		NOT NULL UNIQUE,
	ALLOWANCE_NAME	VARCHAR(100)		NOT NULL,
	ALLOWANCE_FORMULA	VARCHAR(1500)		NOT NULL,
	ALLOWANCE_ETC	VARCHAR(1000)		NULL


);

COMMENT ON TABLE ALLOWANCE IS '수당';
COMMENT ON COLUMN ALLOWANCE.ALLOWANCE_CODE IS '수당코드';
COMMENT ON COLUMN ALLOWANCE.ALLOWANCE_NO IS '수당번호';
COMMENT ON COLUMN ALLOWANCE.ALLOWANCE_NAME IS '수당명';
COMMENT ON COLUMN ALLOWANCE.ALLOWANCE_FORMULA IS '수당수식';
COMMENT ON COLUMN ALLOWANCE.ALLOWANCE_ETC IS '설명';

INSERT INTO ALLOWANCE 
VALUES('su1', 1, '명절상여금', '500000', '민족 4대 명절에만 적용' );
INSERT INTO ALLOWANCE 
VALUES('su2', 2, '식대', '300000', '식대는 10만원까지 비과세입니다.' );
INSERT INTO ALLOWANCE 
VALUES('su3', 3, '차량유지비', '250000', '차량유지비는 20만원까지 비과세입니다.(차량이 본인 소유일 경우 해당)' );
INSERT INTO ALLOWANCE 
VALUES('su4', 4, '장기근로수당(5년)', '100000', '5년이상 근로자들에게 해당하며 다음 근로수당과 중복 불가능' );
INSERT INTO ALLOWANCE 
VALUES('su5', 5, '장기근로수당(10년)', '200000', '10년이상 근로자들에게 해당하며 다음 근로수당과 중복 불가능' );

--select max(DEDUCTION_NO)+1 from DEDUCTION (번호 서브쿼리)

DROP TABLE WARD;

CREATE TABLE WARD (
  WARD_CODE VARCHAR2(8) PRIMARY KEY,
  WARD_NAME VARCHAR2(20) NOT NULL UNIQUE
);

COMMENT ON TABLE WARD IS '병동';
COMMENT ON COLUMN WARD.WARD_CODE IS '병동코드';
COMMENT ON COLUMN WARD.WARD_NAME IS '병동명';

DROP TABLE POSITIONS;

CREATE TABLE POSITIONS (
  POS_CODE VARCHAR2(8) PRIMARY KEY,
  POS_NAME VARCHAR2(20) UNIQUE
);

COMMENT ON TABLE POSITIONS IS '직급';
COMMENT ON COLUMN POSITIONS.POS_CODE IS '직급코드';
COMMENT ON COLUMN POSITIONS.POS_NAME IS '직급명';

DROP TABLE DEPARTMENT;

CREATE TABLE DEPARTMENT (
  DEPT_CODE VARCHAR2(20) PRIMARY KEY,
  DEPT_NAME VARCHAR2(20) UNIQUE
);

COMMENT ON TABLE DEPARTMENT IS '과';
COMMENT ON COLUMN DEPARTMENT.DEPT_CODE IS '부서코드';
COMMENT ON COLUMN DEPARTMENT.DEPT_NAME IS '과명';

DROP TABLE TEAM;

CREATE TABLE TEAM (
  TEAM_CODE VARCHAR2(8) PRIMARY KEY,
  TEAM_NAME VARCHAR2(20) UNIQUE
);

COMMENT ON TABLE TEAM IS '팀';
COMMENT ON COLUMN TEAM.TEAM_CODE IS '팀코드';
COMMENT ON COLUMN TEAM.TEAM_NAME IS '팀명';




DROP TABLE AUTHORITY;

CREATE TABLE AUTHORITY (
	AUTHORITY_CODE	VARCHAR2(15)	 UNIQUE,
	AUTHORITY_NAME	VARCHAR2(50)	 NOT NULL,
	AUTHORITY_ETC	VARCHAR(255)	 NOT NULL
);

COMMENT ON TABLE AUTHORITY IS '권한';
COMMENT ON COLUMN AUTHORITY.AUTHORITY_CODE IS '권한코드';
COMMENT ON COLUMN AUTHORITY.AUTHORITY_NAME IS '권한이름';
COMMENT ON COLUMN AUTHORITY.AUTHORITY_ETC IS '권한내용';

INSERT INTO AUTHORITY 
VALUES('G1', '미가입자', '미가입자를 대상으로 하는 권한');

DROP TABLE HOLD_OFFICE;

CREATE TABLE HOLD_OFFICE(
  HOD_CODE VARCHAR2(10) CONSTRAINT 재직코드 PRIMARY KEY,
  HOD_NAME VARCHAR2(10) CONSTRAINT 재직형태 CHECK (HOD_NAME IN ('재직', '휴직', '퇴직'))
);
COMMENT ON COLUMN HOLD_OFFICE.HOD_CODE IS '재직코드';
COMMENT ON COLUMN HOLD_OFFICE.HOD_NAME IS '재직형태';





DROP TABLE EMPLOYEE;

CREATE TABLE EMPLOYEE (
  EMP_ID VARCHAR2(15) PRIMARY KEY,
	EMP_NAME	VARCHAR2(20)	 NOT NULL UNIQUE,
	HIRE_DATE	DATE	 DEFAULT SYSDATE,
	RSN_DATE	DATE DEFAULT SYSDATE,
	EMP_NO	VARCHAR2(14)	 NOT NULL,
	ADDRESS	VARCHAR2(1000)	 NOT NULL,
	ITNAL_FOR	CHAR(9) CONSTRAINT CHK_ITNALFOR CHECK (ITNAL_FOR IN ('내국인', '외국인')),
	AD_TEL	VARCHAR2(15),
	PHONE	VARCHAR2(15)	 NOT NULL UNIQUE,
	EMAIL	VARCHAR2(40)	 NOT NULL UNIQUE,
	SALARY NUMBER,
	USERID	VARCHAR2(20)	 NOT NULL UNIQUE,
	USERPWD	VARCHAR2(20)	 NOT NULL UNIQUE,
	EMP_ETC	VARCHAR2(1000),
	EMP_IMG_ORIGINAL_FILENAME	VARCHAR2(30)	,
	EMP_IMG_RENAME_FILENAME	VARCHAR2(30)	,
	GENDER  CHAR(1),
	EMPMENT_CODE VARCHAR2(15) CONSTRAINT FK_EMPMEN_CODE 
  REFERENCES EMPMENT ON DELETE CASCADE,
	DEPT_CODE	VARCHAR2(15) CONSTRAINT FK_DEPT_CODE 
  REFERENCES DEPARTMENT ON DELETE CASCADE,
	TEAM_CODE	VARCHAR2(15) CONSTRAINT FK_TEAM_CODE
  REFERENCES TEAM ON DELETE CASCADE,
	POS_CODE  VARCHAR2(15) CONSTRAINT FK_POS_CODE
  REFERENCES POSITIONS ON DELETE CASCADE,
	DEDUCTION_CODE	VARCHAR(15) CONSTRAINT FK_DEDUCTION_CODE
  REFERENCES DEDUCTION ON DELETE CASCADE,
	ALLOWANCE_CODE	VARCHAR(15) CONSTRAINT FK_ALLOWANCE_CODE
  REFERENCES ALLOWANCE (ALLOWANCE_CODE) ON DELETE CASCADE,
	AUTHORITY_CODE	VARCHAR(15) CONSTRAINT FK_AUTHORITY_CODE
  REFERENCES AUTHORITY(AUTHORITY_CODE) ON DELETE CASCADE,
	WARD_CODE	VARCHAR2(8) CONSTRAINT WARD_CODE
  REFERENCES WARD ON DELETE CASCADE,
  HODE_CODE VARCHAR2(15) CONSTRAINT FK_HOD_CODE  
  REFERENCES HOLD_OFFICE ON DELETE CASCADE,
  
 
  CONSTRAINT CHK_GENDER CHECK (GENDER IN ('M', 'F'))
  
);

COMMENT ON TABLE EMPLOYEE IS '직원';
COMMENT ON COLUMN EMPLOYEE.EMP_ID IS '사번';
COMMENT ON COLUMN EMPLOYEE.EMP_NAME IS '이름';
COMMENT ON COLUMN EMPLOYEE.HIRE_DATE IS '가입일';
COMMENT ON COLUMN EMPLOYEE.RSN_DATE IS '해지일';
COMMENT ON COLUMN EMPLOYEE.EMP_NO IS '주민번호';
COMMENT ON COLUMN EMPLOYEE.ADDRESS IS '주소';
COMMENT ON COLUMN EMPLOYEE.ITNAL_FOR IS '내/외국인';
COMMENT ON COLUMN EMPLOYEE.AD_TEL IS '전화번호';
COMMENT ON COLUMN EMPLOYEE.PHONE IS '휴대폰';
COMMENT ON COLUMN EMPLOYEE.EMAIL IS '이메일';
COMMENT ON COLUMN EMPLOYEE.SALARY IS '기본급';
COMMENT ON COLUMN EMPLOYEE.USERID IS '아이디';
COMMENT ON COLUMN EMPLOYEE.USERPWD IS '비밀번호';
COMMENT ON COLUMN EMPLOYEE.EMP_ETC IS '기타사항';
COMMENT ON COLUMN EMPLOYEE.EMP_IMG_ORIGINAL_FILENAME IS '원본파일';
COMMENT ON COLUMN EMPLOYEE.EMP_IMG_RENAME_FILENAME IS '변경파일';
COMMENT ON COLUMN EMPLOYEE.GENDER IS '성별';
COMMENT ON COLUMN EMPLOYEE.EMPMENT_CODE IS '고용코드';
COMMENT ON COLUMN EMPLOYEE.DEPT_CODE IS '부서코드';
COMMENT ON COLUMN EMPLOYEE.TEAM_CODE IS '팀코드';
COMMENT ON COLUMN EMPLOYEE.POS_CODE IS '직급코드';
COMMENT ON COLUMN EMPLOYEE.DEDUCTION_CODE IS '공제코드';
COMMENT ON COLUMN EMPLOYEE.ALLOWANCE_CODE IS '수당코드';
COMMENT ON COLUMN EMPLOYEE.AUTHORITY_CODE IS '권한코드';
COMMENT ON COLUMN EMPLOYEE.WARD_CODE IS '병동코드';

DROP SEQUENCE SEQ_EMP_ID;

CREATE SEQUENCE SEQ_EMP_ID
START WITH 100
NOMAXVALUE
NOCYCLE
NOCACHE
INCREMENT BY 1;



DROP TABLE EMPSALARY;

CREATE TABLE EMPSALARY(
    EMP_ID VARCHAR2(15) CONSTRAINT UNI_EMP_IDS UNIQUE,--사번
    EMENT_INRANCE VARCHAR2(8),--고용보험
    NAT_PENSION VARCHAR2 (8),--국민연금
   HEAL_INRANCE VARCHAR2(8),--건강보험
   HEAL_RDC NUMBER ,--건강보험 감면퍼센트%
   OLD_INRANCE VARCHAR2(8),--노인장기요양보험
   OLD_RDC NUMBER, --노인장기요양보험 감면퍼센트%
   EAR_INCOME VARCHAR2(8),-- 근로소득자
   EAR_INRANCE NUMBER,--근로소득자 새액퍼센트%
   BSN_INCOME VARCHAR2(8),--사업소득자
   DAILY_JOB VARCHAR2(8), --일용직
   ETC_INCOME VARCHAR2(8), --기타소득자
   EAR_BSN_INCOME VARCHAR2(8),--근로/사업소득자
   CONSTRAINT FK_EMP_IDS  FOREIGN KEY(EMP_ID) REFERENCES EMPLOYEE ON DELETE CASCADE
);

COMMENT ON TABLE EMPSALARY IS '급여정보';
COMMENT ON COLUMN EMPSALARY.EMENT_INRANCE IS '고용보험';
COMMENT ON COLUMN EMPSALARY.NAT_PENSION IS '국민연금';
COMMENT ON COLUMN EMPSALARY.HEAL_INRANCE IS '건강보험';
COMMENT ON COLUMN EMPSALARY.HEAL_RDC IS '건강보험 감면퍼센트';
COMMENT ON COLUMN EMPSALARY.OLD_INRANCE IS '노인장기요양보험';
COMMENT ON COLUMN EMPSALARY.OLD_RDC IS '노인장기요양보험 감면퍼센트';
COMMENT ON COLUMN EMPSALARY.EAR_INCOME IS '근로소득자';
COMMENT ON COLUMN EMPSALARY.EAR_INRANCE IS '근로소득자 새액퍼센트';
COMMENT ON COLUMN EMPSALARY.BSN_INCOME IS '사업소득자';
COMMENT ON COLUMN EMPSALARY.DAILY_JOB IS '일용직';
COMMENT ON COLUMN EMPSALARY.ETC_INCOME IS '기타소득자';
COMMENT ON COLUMN EMPSALARY.EAR_BSN_INCOME IS '근로/사업소득자';






DROP TABLE DEPENDENTS;

CREATE TABLE DEPENDENTS (
  DPEN_CODE VARCHAR2(20) PRIMARY KEY,
  RSHIP VARCHAR2(20) NOT NULL,
  F_NAME VARCHAR2(20) NOT NULL,
  ITNAL_FOR CHAR(9),
  DIBILITY CHAR(1),
  H_ISC CHAR(1),
  I_TOGETHER CHAR(1),
  M_CHILD CHAR(1),
  DEP_ID VARCHAR2(15),
  
  CONSTRAINT CHK_DEP_ITNAL_FOR CHECK (ITNAL_FOR IN ('내국인', '외국인')),
  CONSTRAINT CHK_DEP_DIBILITY CHECK (DIBILITY IN ('Y', 'N')),
  CONSTRAINT CHK_DEP_H_ISC CHECK (H_ISC IN ('Y', 'N')),
  CONSTRAINT CHK_DEP_I_TOGETHER CHECK (I_TOGETHER IN ('Y', 'N')),
  CONSTRAINT CHK_DEP_M_CHILD CHECK (M_CHILD IN ('Y', 'N')),
  CONSTRAINTS FK_DEP_ID FOREIGN KEY (DEP_ID)
  REFERENCES EMPLOYEE (EMP_ID) ON DELETE CASCADE
);

COMMENT ON TABLE DEPENDENTS IS '부양가족';
COMMENT ON COLUMN DEPENDENTS.DPEN_CODE IS '부양가족코드';
COMMENT ON COLUMN DEPENDENTS.RSHIP IS '직원과 관계';
COMMENT ON COLUMN DEPENDENTS.F_NAME IS '성명';
COMMENT ON COLUMN DEPENDENTS.ITNAL_FOR IS '내/외국인 구분';
COMMENT ON COLUMN DEPENDENTS.DIBILITY IS '장애여부';
COMMENT ON COLUMN DEPENDENTS.H_ISC IS '건강보험여부';
COMMENT ON COLUMN DEPENDENTS.I_TOGETHER IS '동거여부';
COMMENT ON COLUMN DEPENDENTS.M_CHILD IS '다자녀유무';
COMMENT ON COLUMN DEPENDENTS.DEP_ID IS '사원번호';

DROP SEQUENCE DPEN_SEQ_CODE;

CREATE SEQUENCE DPEN_SEQ_CODE
START WITH 1
NOMAXVALUE
NOCYCLE
NOCACHE
INCREMENT BY 1;


DROP TABLE EDUCATION;

CREATE TABLE EDUCATION (
  EDU_CODE VARCHAR2(20) PRIMARY KEY,
  ITNAL_FOR CHAR(20),
  AD_DATE VARCHAR2(30),
  GR_DATE VARCHAR2(30),
  SCH_NAME VARCHAR2(20) NOT NULL,
  MAJOR VARCHAR2(20) NOT NULL,
  TAKING VARCHAR2(10) NOT NULL,
  EDU_ID VARCHAR2(25),
  
  CONSTRAINTS FK_EDU_ID FOREIGN KEY (EDU_ID)
  REFERENCES EMPLOYEE (EMP_ID) ON DELETE CASCADE
);

COMMENT ON TABLE EDUCATION IS '학력정보';
COMMENT ON COLUMN EDUCATION.EDU_CODE IS '학력코드';
COMMENT ON COLUMN EDUCATION.ITNAL_FOR IS '학력 구분';
COMMENT ON COLUMN EDUCATION.AD_DATE IS '입학년월';
COMMENT ON COLUMN EDUCATION.GR_DATE IS '졸업년월';
COMMENT ON COLUMN EDUCATION.SCH_NAME IS '학교명';
COMMENT ON COLUMN EDUCATION.MAJOR IS '전공';
COMMENT ON COLUMN EDUCATION.TAKING IS '이수구분';
COMMENT ON COLUMN EDUCATION.EDU_ID IS '사번';

DROP SEQUENCE EDU_SEQ_CODE;

CREATE SEQUENCE EDU_SEQ_CODE
START WITH 1
NOMAXVALUE
NOCYCLE
NOCACHE
INCREMENT BY 1;


DROP TABLE CAREER;

CREATE TABLE CAREER (
  CAR_CODE VARCHAR2(20) PRIMARY KEY,
  CAR_ID VARCHAR2(15),
  COM_NAME VARCHAR2(30) NOT NULL,
  HIRE_DATE VARCHAR2(50) NOT NULL,
  LAST_DATE VARCHAR2(50) NOT NULL,
  WORK_TEAM VARCHAR2(50) NOT NULL,
  LAST_POSITION VARCHAR2(50) NOT NULL,
  RES_BILTIES VARCHAR2(20) NOT NULL,
  LEAVE_REASON VARCHAR2(1000) NOT NULL,
 CONSTRAINTS FK_CAR_ID FOREIGN KEY (CAR_ID)
  REFERENCES EMPLOYEE (EMP_ID) ON DELETE CASCADE
);

COMMENT ON TABLE CAREER IS '경력사항';
COMMENT ON COLUMN CAREER.CAR_CODE IS '경력코드';
COMMENT ON COLUMN CAREER.CAR_ID IS '사번';
COMMENT ON COLUMN CAREER.COM_NAME IS '회사명';
COMMENT ON COLUMN CAREER.HIRE_DATE IS '입사일자';
COMMENT ON COLUMN CAREER.LAST_DATE IS '퇴사일자';
COMMENT ON COLUMN CAREER.WORK_TEAM IS '근무기간';
COMMENT ON COLUMN CAREER.LAST_POSITION IS '최종직위';
COMMENT ON COLUMN CAREER.RES_BILTIES IS '담당직무';
COMMENT ON COLUMN CAREER.LEAVE_REASON IS '퇴사사유';

DROP SEQUENCE CAR_SEQ_CODE;

CREATE SEQUENCE CAR_SEQ_CODE
START WITH 1
NOMAXVALUE
NOCYCLE
NOCACHE
INCREMENT BY 1;


DROP TABLE PATIENT;

CREATE TABLE PATIENT (
  PAT_NUM NUMBER PRIMARY KEY,
  PAT_NAME VARCHAR(20) NOT NULL UNIQUE,
  PAT_TYPE VARCHAR2(20),
  PAT_ENTDATE DATE DEFAULT SYSDATE,
  PAT_OUTDATE DATE DEFAULT SYSDATE,
  PAT_GENDER CHAR(1),
  PAT_NO CHAR(14) NOT NULL UNIQUE,
  ADDRESS VARCHAR2(100) NOT NULL,
  FAMILY VARCHAR2(20) NOT NULL,
  EMAIL VARCHAR2(30),
  PAT_PHONE VARCHAR2(15) NOT NULL UNIQUE,
  WARD VARCHAR2(30) NOT NULL,
  PAT_DOC VARCHAR2(40) NOT NULL,
  
  CONSTRAINT CHK_PAT_GENDER CHECK (PAT_GENDER IN ('M', 'F'))
);

COMMENT ON TABLE PATIENT IS '환자';
COMMENT ON COLUMN PATIENT.PAT_NUM IS '병록번호';
COMMENT ON COLUMN PATIENT.PAT_NAME IS '환자명';
COMMENT ON COLUMN PATIENT.PAT_TYPE IS '구분';
COMMENT ON COLUMN PATIENT.PAT_ENTDATE IS '입원날짜';
COMMENT ON COLUMN PATIENT.PAT_OUTDATE IS '퇴원날짜';
COMMENT ON COLUMN PATIENT.PAT_GENDER IS '환자성별';
COMMENT ON COLUMN PATIENT.PAT_NO IS '주민번호';
COMMENT ON COLUMN PATIENT.ADDRESS IS '주소';
COMMENT ON COLUMN PATIENT.FAMILY IS '보호자명';
COMMENT ON COLUMN PATIENT.EMAIL IS '이메일';
COMMENT ON COLUMN PATIENT.PAT_PHONE IS '전화번호';
COMMENT ON COLUMN PATIENT.WARD IS '병동';
COMMENT ON COLUMN PATIENT.PAT_DOC IS '담당의사';

DROP SEQUENCE PAT_SEQ;

CREATE SEQUENCE PAT_SEQ
START WITH 1
INCREMENT BY 1
NOMAXVALUE
NOCACHE
NOCYCLE;

DROP TABLE MEDICIENRECORD;

CREATE TABLE MEDICIENRECORD (
  MR_NO NUMBER PRIMARY KEY,
  MR_DATE DATE DEFAULT SYSDATE,
  MR_STATE VARCHAR2(1000) NOT NULL,
  MR_NAME VARCHAR2(30) NOT NULL,
  MR_TIME VARCHAR2(20) NOT NULL,
  MR_MANY VARCHAR2(50) NOT NULL,
  MR_COMMENT VARCHAR2(500),
  MR_PAT_NAME VARCHAR2(20),
  MR_EMP_NAME VARCHAR2(20),
  
  CONSTRAINTS FK_MR_PAT_NAME FOREIGN KEY (MR_PAT_NAME)
  REFERENCES PATIENT (PAT_NAME),
  CONSTRAINTS FK_MR_EMP_NAME FOREIGN KEY (MR_EMP_NAME)
  REFERENCES EMPLOYEE (EMP_NAME)
);

COMMENT ON TABLE MEDICIENRECORD IS '투약일지';
COMMENT ON COLUMN MEDICIENRECORD.MR_NO IS '투약일지번호';
COMMENT ON COLUMN MEDICIENRECORD.MR_DATE IS '날짜';
COMMENT ON COLUMN MEDICIENRECORD.MR_STATE IS '증상';
COMMENT ON COLUMN MEDICIENRECORD.MR_NAME IS '투약명';
COMMENT ON COLUMN MEDICIENRECORD.MR_TIME IS '투약시간';
COMMENT ON COLUMN MEDICIENRECORD.MR_MANY IS '용량';
COMMENT ON COLUMN MEDICIENRECORD.MR_COMMENT IS '비고';
COMMENT ON COLUMN MEDICIENRECORD.MR_PAT_NAME IS '환자명';
COMMENT ON COLUMN MEDICIENRECORD.MR_EMP_NAME IS '투약자';

DROP SEQUENCE MR_SEQ;

CREATE SEQUENCE MR_SEQ
START WITH 1
INCREMENT BY 1
NOMAXVALUE
NOCACHE
NOCYCLE;

DROP TABLE COUNSELINGLOG;

CREATE TABLE COUNSELINGLOG (
  CL_NO NUMBER PRIMARY KEY,
  CL_TITLE VARCHAR2(500) NOT NULL,
  CL_DATE DATE DEFAULT SYSDATE,
  CL_CONTENTS VARCHAR2(1000) NOT NULL,
  CL_PHONE VARCHAR2(15) NOT NULL,
  CL_COMMENT VARCHAR2(500),
  CL_PAT_NAME VARCHAR2(20),
  CL_EMP_NAME VARCHAR2(20),
  CL_ORIGINAL_FILENAME VARCHAR2(100),
  CL_RENAME_FILENAME VARCHAR2(100),
  
  CONSTRAINTS FK_CL_PAT_NAME FOREIGN KEY (CL_PAT_NAME)
  REFERENCES PATIENT (PAT_NAME),
  CONSTRAINTS FK_CL_EMP_NAME FOREIGN KEY (CL_EMP_NAME)
  REFERENCES EMPLOYEE (EMP_NAME)
);

COMMENT ON TABLE COUNSELINGLOG IS '상담일지';
COMMENT ON COLUMN COUNSELINGLOG.CL_NO IS '상담일지번호';
COMMENT ON COLUMN COUNSELINGLOG.CL_TITLE IS '제목';
COMMENT ON COLUMN COUNSELINGLOG.CL_DATE IS '날짜';
COMMENT ON COLUMN COUNSELINGLOG.CL_CONTENTS IS '내용';
COMMENT ON COLUMN COUNSELINGLOG.CL_PHONE IS '연락처';
COMMENT ON COLUMN COUNSELINGLOG.CL_COMMENT IS '비고';
COMMENT ON COLUMN COUNSELINGLOG.CL_PAT_NAME IS '환자명';
COMMENT ON COLUMN COUNSELINGLOG.CL_EMP_NAME IS '상담자';
COMMENT ON COLUMN COUNSELINGLOG.CL_ORIGINAL_FILENAME IS '원본첨부파일';
COMMENT ON COLUMN COUNSELINGLOG.CL_RENAME_FILENAME IS '변경된첨부파일';

DROP SEQUENCE CL_SEQ;

CREATE SEQUENCE CL_SEQ
START WITH 1
INCREMENT BY 1
NOMAXVALUE
NOCACHE
NOCYCLE;

--DATAROOM_COUNT 에 디폴트값 추가

DROP TABLE DATAROOM;

CREATE TABLE DATAROOM (
   DATAROOM_NO   NUMBER      PRIMARY KEY,
   DATAROOM_TITLE   VARCHAR2(1000)   NOT NULL,
   DATAROOM_CONTENT VARCHAR2(4000),
   DATAROOM_DATE DATE   DEFAULT SYSDATE,
   DATAROOM_COUNT   NUMBER   DEFAULT 0,
   DATAROOM_FILE_NAME VARCHAR2(500) ,
   DATAROOM_WRITER   VARCHAR2(20)  NOT NULL,
   
   CONSTRAINTS FK_DATAROOM_WRITER FOREIGN KEY (DATAROOM_WRITER) 
   REFERENCES EMPLOYEE (EMP_NAME)
);

COMMENT ON TABLE DATAROOM IS '자료실';
COMMENT ON COLUMN DATAROOM.DATAROOM_NO IS '자료실 번호';
COMMENT ON COLUMN DATAROOM.DATAROOM_TITLE IS '자료실 제목';
COMMENT ON COLUMN DATAROOM.DATAROOM_CONTENT IS '자료실 내용';
COMMENT ON COLUMN DATAROOM.DATAROOM_DATE IS '자료실 작성일';
COMMENT ON COLUMN DATAROOM.DATAROOM_COUNT IS '자료실 조회수';
COMMENT ON COLUMN DATAROOM.DATAROOM_FILE_NAME IS '자료실 원본파일';
COMMENT ON COLUMN DATAROOM.DATAROOM_WRITER IS '작성자';


DROP SEQUENCE DATAROOM_SEQ;

CREATE SEQUENCE DATAROOM_SEQ
START WITH 1
INCREMENT BY 1
NOMAXVALUE
NOCYCLE
NOCACHE;

DROP TABLE CAUTHORITY;

CREATE TABLE CAUTHORITY (
  AUTHORITY_CODE VARCHAR2(15) PRIMARY KEY,
  AUTHORITY_NAME VARCHAR2(300) NOT NULL,
  AUTHORITY_ETC VARCHAR2(4000) NOT NULL,
  AUTHORITY_MENU VARCHAR2(1000) NOT NULL
  
  --CONSTRAINT CHK_AUTHORITY_MENU CHECK (AUTHORITY_MENU IN ('인사관리', '권한설정', '환자관리', '급여관리','공지사항','자료실'))
);

COMMENT ON TABLE CAUTHORITY IS '클라우드 권한';
COMMENT ON COLUMN CAUTHORITY.AUTHORITY_CODE IS '권한코드';
COMMENT ON COLUMN CAUTHORITY.AUTHORITY_NAME IS '권한이름';
COMMENT ON COLUMN CAUTHORITY.AUTHORITY_ETC IS '내용';
COMMENT ON COLUMN CAUTHORITY.AUTHORITY_MENU IS '메뉴유무';

INSERT INTO CAUTHORITY 
VALUES('G0', '미가입자', '미가입자', 'NULL');


DROP TABLE SERVICE;

CREATE TABLE SERVICE (

  SERVICE_CODE VARCHAR2(15) PRIMARY KEY,
  SERVICE_NAME VARCHAR2(300) NOT NULL,
  SERVICE_ETC VARCHAR2(4000) NOT NULL
  
  --CONSTRAINT CHK_AUTHORITY_MENU CHECK (AUTHORITY_MENU IN ('인사관리', '권한설정', '환자관리', '급여관리','공지사항','자료실'))
);

COMMENT ON TABLE SERVICE IS '서비스 여부';
COMMENT ON COLUMN SERVICE.SERVICE_CODE IS '서비스코드';
COMMENT ON COLUMN SERVICE.SERVICE_NAME IS '서비스이름';
COMMENT ON COLUMN SERVICE.SERVICE_ETC IS '내용';

INSERT INTO SERVICE 
VALUES('GS0', '서비스 미신청', '서비스 미신청자');
INSERT INTO SERVICE 
VALUES('GS1', '서비스 신청 대기', '서비스 신청 대기자');
INSERT INTO SERVICE 
VALUES('GS2', '서비스 신청', '서비스 신청자');
INSERT INTO SERVICE 
VALUES('GS3', 'basic', '서비스 신청자');
INSERT INTO SERVICE 
VALUES('GS4', 'advanced', '서비스 신청자');
INSERT INTO SERVICE 
VALUES('GS5', 'premium', '서비스 신청자');



DROP TABLE NURSING_HOSPITAL;

CREATE TABLE NURSING_HOSPITAL (
  NH_ID NUMBER PRIMARY KEY,
  NH_NAME VARCHAR2(20) NOT NULL UNIQUE,
  NH_DATE DATE DEFAULT SYSDATE,
  NH_RSN_DATE DATE DEFAULT SYSDATE,
  NH_NO VARCHAR2(20) NOT NULL,
  NH_ADDRESS VARCHAR2(150) NOT NULL,
  NH_ITNAL_FOR CHAR(1),
  NH_AD_TEL VARCHAR2(15),
  NH_PHONE VARCHAR2(15) NOT NULL UNIQUE,
  NH_EMAIL VARCHAR2(40) NOT NULL,
  NH_USERID VARCHAR2(20) NOT NULL UNIQUE,
  NH_USERPWD VARCHAR2(20) NOT NULL,
  NH_ETC VARCHAR2(1000),
  NH_IMG VARCHAR2(30),
  GENDER CHAR(1),
  COMPANY_NAME VARCHAR2(100) NOT NULL,
  COMPANY_NO VARCHAR2(30) NOT NULL,
  NH_SERVICE_CODE VARCHAR2(20)  Default 'GS0',
  NH_AUTHORITY_CODE VARCHAR2(20) Default 'G0',
  NH_SERVICE_HISTORY VARCHAR2(20) DEFAULT 'null',
  
  CONSTRAINT CHK_NH_ITNAL_FOR CHECK (NH_ITNAL_FOR IN ('Y', 'N')),
  CONSTRAINT CHK_NH_GENDER CHECK (GENDER IN ('M', 'F')),
  CONSTRAINTS FK_NH_AUTHORITY_CODE FOREIGN KEY(NH_AUTHORITY_CODE)  REFERENCES CAUTHORITY (AUTHORITY_CODE),
  CONSTRAINTS FK_SERVICE_CODE FOREIGN KEY(NH_SERVICE_CODE) REFERENCES SERVICE (SERVICE_CODE)
);

COMMENT ON TABLE NURSING_HOSPITAL IS '가입요양병원';
COMMENT ON COLUMN NURSING_HOSPITAL.NH_ID IS '사번';
COMMENT ON COLUMN NURSING_HOSPITAL.NH_NAME IS '이름';
COMMENT ON COLUMN NURSING_HOSPITAL.NH_DATE IS '가입일';
COMMENT ON COLUMN NURSING_HOSPITAL.NH_RSN_DATE IS '해지일';
COMMENT ON COLUMN NURSING_HOSPITAL.NH_NO IS '주민번호';
COMMENT ON COLUMN NURSING_HOSPITAL.NH_ADDRESS IS '주소';
COMMENT ON COLUMN NURSING_HOSPITAL.NH_ITNAL_FOR IS '내/외국인';
COMMENT ON COLUMN NURSING_HOSPITAL.NH_AD_TEL IS '전화번호';
COMMENT ON COLUMN NURSING_HOSPITAL.NH_PHONE IS '휴대폰';
COMMENT ON COLUMN NURSING_HOSPITAL.NH_EMAIL IS '이메일';
COMMENT ON COLUMN NURSING_HOSPITAL.NH_USERID IS '아이디';
COMMENT ON COLUMN NURSING_HOSPITAL.NH_USERPWD IS '비밀번호';
COMMENT ON COLUMN NURSING_HOSPITAL.NH_ETC IS '기타사항';
COMMENT ON COLUMN NURSING_HOSPITAL.NH_IMG IS '사원이미지';
COMMENT ON COLUMN NURSING_HOSPITAL.GENDER IS '성별';
COMMENT ON COLUMN NURSING_HOSPITAL.COMPANY_NAME IS '회사명';
COMMENT ON COLUMN NURSING_HOSPITAL.COMPANY_NO IS '사업자등록번호';
COMMENT ON COLUMN NURSING_HOSPITAL.NH_SERVICE_CODE IS '서비스신청유무';
COMMENT ON COLUMN NURSING_HOSPITAL.NH_AUTHORITY_CODE IS '권한코드';

--공지사항 위치 변경, NOTICE_COUNT   에 디폴트값 추가
DROP TABLE NOTICE;

CREATE TABLE NOTICE (
   NOTICE_NO   NUMBER      PRIMARY KEY,
   NOTICE_TITLE   VARCHAR2(1000)   NOT NULL,   
   NOTICE_CONTENT   VARCHAR2(4000),
   NOTICE_COUNT   NUMBER DEFAULT 0,
   NOTICE_DATE   DATE    DEFAULT SYSDATE,
   NOTICE_WRITER VARCHAR2(20) NOT NULL,
   
   CONSTRAINTS FK_NOTICE_WRITER FOREIGN KEY (NOTICE_WRITER) 
   REFERENCES NURSING_HOSPITAL (NH_NAME)
);

COMMENT ON TABLE NOTICE IS '공지사항'; 
COMMENT ON COLUMN NOTICE.NOTICE_NO IS '공지사항 번호';
COMMENT ON COLUMN NOTICE.NOTICE_TITLE IS '공지사항 제목';
COMMENT ON COLUMN NOTICE.NOTICE_CONTENT IS '공지사항 내용';
COMMENT ON COLUMN NOTICE.NOTICE_COUNT IS '공지사항 조회수';
COMMENT ON COLUMN NOTICE.NOTICE_DATE IS '공지사항 작성일';
COMMENT ON COLUMN NOTICE.NOTICE_WRITER IS '작성자'; 

DROP SEQUENCE NOTICE_SEQ;

CREATE SEQUENCE NOTICE_SEQ
START WITH 1
INCREMENT BY 1
NOMAXVALUE
NOCYCLE
NOCACHE;


DROP TABLE QNA;

CREATE TABLE QNA (
  QNA_NO NUMBER PRIMARY KEY,
  QNA_TITLE VARCHAR2(1000) NOT NULL,
  QNA_TYPE VARCHAR2(30),
  QNA_CONTENT VARCHAR2(4000) NOT NULL,
  QNA_COUNT NUMBER,
  QNA_DATE DATE DEFAULT SYSDATE,
  QNA_NH_NAME VARCHAR2(15),
  
  CONSTRAINT CHK_QNA_TYPE CHECK (QNA_TYPE IN ('이용관련', '서비스관련', '결제관련', '기타')),
  CONSTRAINTS FK_NH_NAME FOREIGN KEY (QNA_NH_NAME)
  REFERENCES NURSING_HOSPITAL (NH_NAME)
);

COMMENT ON TABLE QNA IS '클라우드_QNA';
COMMENT ON COLUMN QNA.QNA_NO IS '질문번호';
COMMENT ON COLUMN QNA.QNA_TITLE IS '제목';
COMMENT ON COLUMN QNA.QNA_TYPE IS '구분';
COMMENT ON COLUMN QNA.QNA_CONTENT IS '내용';
COMMENT ON COLUMN QNA.QNA_COUNT IS '조회수';
COMMENT ON COLUMN QNA.QNA_DATE IS '작성일';
COMMENT ON COLUMN QNA.QNA_NH_NAME IS '작성자';

DROP SEQUENCE SEQ_QNA;

CREATE SEQUENCE SEQ_QNA
START WITH 1
INCREMENT BY 1
NOMAXVALUE
NOCYCLE
NOCACHE;

DROP TABLE COMMENTS;

CREATE TABLE COMMENTS (
  COMMENT_NO NUMBER PRIMARY KEY,
  COMMENT_DATE DATE DEFAULT SYSDATE NOT NULL,
  COMMENT_ETC VARCHAR2(1000) NOT NULL,
  COMMENT_QNA_NO NUMBER,
  COMMENT_NH_NAME VARCHAR2(15),
  
  CONSTRAINTS FK_COMMENT_QNA_NO FOREIGN KEY (COMMENT_QNA_NO)
  REFERENCES QNA (QNA_NO),
  CONSTRAINTS FK_COMMENT_NH_ID FOREIGN KEY (COMMENT_NH_NAME)
  REFERENCES NURSING_HOSPITAL (NH_NAME)
);

COMMENT ON TABLE COMMENTS IS '클라우드_QnA_댓글';
COMMENT ON COLUMN COMMENTS.COMMENT_NO IS '댓글 글번호';
COMMENT ON COLUMN COMMENTS.COMMENT_DATE IS '작성날짜';
COMMENT ON COLUMN COMMENTS.COMMENT_ETC IS '내용';
COMMENT ON COLUMN COMMENTS.COMMENT_QNA_NO IS '원글번호';
COMMENT ON COLUMN COMMENTS.COMMENT_NH_NAME IS '작성자';

DROP TABLE CNOTICE;

CREATE TABLE CNOTICE (
  NOTICE_NO NUMBER PRIMARY KEY,
  NOTICE_TITLE VARCHAR2(1000) NOT NULL,
  NOTICE_TYPE VARCHAR2(30),
  NOTICE_CONTENT VARCHAR2(4000),
  NOTICE_COUNT NUMBER,
  NOTICE_DATE DATE DEFAULT SYSDATE,
  NOTICE_NH_NAME VARCHAR2(20),
  
  CONSTRAINT CHK_NOTICE_TYPE CHECK (NOTICE_TYPE IN ('정기점검', '긴급점검', 
                                                                        '임시점검', '이벤트', '알림')),
  CONSTRAINTS FK_NOTICE_NH_NAME FOREIGN KEY (NOTICE_NH_NAME)
  REFERENCES NURSING_HOSPITAL (NH_NAME)
);

COMMENT ON TABLE CNOTICE IS '클라우드 공지사항';
COMMENT ON COLUMN CNOTICE.NOTICE_NO IS '공지사항번호';
COMMENT ON COLUMN CNOTICE.NOTICE_TITLE IS '제목';
COMMENT ON COLUMN CNOTICE.NOTICE_TYPE IS '구분';
COMMENT ON COLUMN CNOTICE.NOTICE_CONTENT IS '내용';
COMMENT ON COLUMN CNOTICE.NOTICE_COUNT IS '조회수';
COMMENT ON COLUMN CNOTICE.NOTICE_DATE IS '작성일';
COMMENT ON COLUMN CNOTICE.NOTICE_NH_NAME IS '작성자';

--클라우드 공지사항 시퀀스
Drop SEQUENCE SEQ_CNOTICE;

CREATE SEQUENCE SEQ_CNOTICE
START WITH 1
NOMAXVALUE
NOCYCLE
NOCACHE
INCREMENT BY 1;

DROP TABLE CREGISTRATION;

CREATE TABLE CREGISTRATION (
  NH_ID NUMBER PRIMARY KEY,
  FUNCTION_NAME VARCHAR2(500) UNIQUE,
  CREGISTRATION_CHECK CHAR(1),
  
  CONSTRAINT CHK_CREGISTRATION_CHECK CHECK (CREGISTRATION_CHECK IN ('Y','N'))
);

COMMENT ON TABLE CREGISTRATION IS '서비스신청';
COMMENT ON COLUMN CREGISTRATION.NH_ID IS '사번';
COMMENT ON COLUMN CREGISTRATION.FUNCTION_NAME IS '기능';
COMMENT ON COLUMN CREGISTRATION.CREGISTRATION_CHECK IS '처리유무';

--캘린더
DROP TABLE CALENDAR;

CREATE TABLE CALENDAR (
CAL_NUM NUMBER,
ID_ VARCHAR2(15),
TITLE VARCHAR2(50) NOT NULL,
DESCRIPTION VARCHAR2(1000) NOT NULL,
START_DATE DATE DEFAULT SYSDATE,
END_DATE DATE DEFAULT SYSDATE,
CATE_GORY VARCHAR2(20),
BACKGROUNDCOLOR VARCHAR2(20),
TEXTCOLOR VARCHAR2(20) DEFAULT '#FFFFFF',

CONSTRAINT FK_CALENDAR_ID  FOREIGN KEY(ID_) REFERENCES NURSING_HOSPITAL (NH_USERID)ON DELETE CASCADE,
CONSTRAINT CHK_CATE_GORY CHECK (CATE_GORY IN ('카테고리1', '카테고리2', '카테고리3', '카테고리4')));

COMMENT ON TABLE CALENDAR IS '캘린더';
COMMENT ON COLUMN CALENDAR.CAL_NUM IS '번호';
COMMENT ON COLUMN CALENDAR.ID_ IS '관리자아이디';
COMMENT ON COLUMN CALENDAR.TITLE IS '제목';
COMMENT ON COLUMN CALENDAR.DESCRIPTION IS '내용';
COMMENT ON COLUMN CALENDAR.START_DATE IS '일정시작';
COMMENT ON COLUMN CALENDAR.END_DATE IS '일정끝';
COMMENT ON COLUMN CALENDAR.CATE_GORY IS '카테고리';
COMMENT ON COLUMN CALENDAR.BACKGROUNDCOLOR IS '배경색';
COMMENT ON COLUMN CALENDAR.TEXTCOLOR IS '글자색';

--캘린더 시퀀스
Drop SEQUENCE SEQ_CAL;

CREATE SEQUENCE SEQ_CAL
START WITH 1
NOMAXVALUE
NOCYCLE
NOCACHE
INCREMENT BY 1;

--여기서부터는 샘플 넣는 곳 입니다. employee는 제일 마지막에 insert해 주세요

--수당 샘플


--공제 샘플
INSERT INTO DEDUCTION 
VALUES('gong1', 1, '국민연금', '(T01*0.09)*0.5', '국민연금 - 기본급 * 9% // 사업주 4.5% , 근로자 4.5%' );
INSERT INTO DEDUCTION 
VALUES('gong2', 2, '건강보험', '(T01*0.0323)', '건강보험료 - 기본급-비과세 : 6.46% // 사업주 : 3.23% , 근로자 : 3.23%' );
INSERT INTO DEDUCTION 
VALUES('gong3', 3, '장기요양보험', '(T01*0.0323)*0.0851', '건강보험료 금액에 8.51% // 사업주 : 50% , 근무자 : 50% ' );
INSERT INTO DEDUCTION 
VALUES('gong4', 4, '고용보험', '(T01*0.008)', '사업주 : (보수월액 * 0.8%) + (보수월액 * 0.25%) , 근로자 : 보수월액 * 0.8%' );
--select max(DEDUCTION_NO)+1 from DEDUCTION (번호 서브쿼리)


--클라우드 권한 샘플



INSERT INTO CAUTHORITY 
VALUES('G1', '공백', '생각중', '공백');

INSERT INTO CAUTHORITY 
VALUES('G2', '공백', '생각중', '공백');

INSERT INTO CAUTHORITY 
VALUES('G3', '기본형', 'basic 기능', '인사관리,권한설정,환자관리,급여관리,공지사항,자료실');
INSERT INTO CAUTHORITY 
VALUES('G4', '고급형', 'advanced 기능', '인사관리,권한설정,급여관리,공지사항,자료실');
INSERT INTO CAUTHORITY 
VALUES('G5', '프리미엄', 'premium 기능', '인사관리,권한설정,급여관리,공지사항,자료실');


-- 병동 샘플
INSERT INTO WARD
VALUES('BD01', 'KH1병동');

INSERT INTO WARD
VALUES('BD02', 'KH2병동');

INSERT INTO WARD
VALUES('BD03', 'KH3병동');


--가입자 샘플
INSERT INTO NURSING_HOSPITAL 
VALUES(1, '마스터', DEFAULT, DEFAULT, '000000-0000000', '대한민국','Y','010-0000-0000', '010-0000-0000', 
'TMTS@gmail.com','TMTS','TMTS','null','null','M','TMTS','123-12-12345', 'GS2','G1','GS5');
INSERT INTO NURSING_HOSPITAL 
VALUES(2, '나원장', DEFAULT, DEFAULT, '791010-1234567', '25777번지,강원도 동해시 감추1길 16-3 나원장요양병원 ','Y','123-123-1234', '010-1234-4321', 
'naonejang@gmail.com','user01','user01','null','null','M','나원장요양병원','123-12-12345', 'GS0','G0' ,DEFAULT);

--팀 샘플 
INSERT INTO TEAM VALUES('TM1','병원간호팀');
INSERT INTO TEAM VALUES('TM2','외래간호팀');
INSERT INTO TEAM VALUES('TM3','간병팀');
INSERT INTO TEAM VALUES('TM4','시설관리팀');
INSERT INTO TEAM VALUES('TM5','환경팀');
INSERT INTO TEAM VALUES('TM6','회계팀');
INSERT INTO TEAM VALUES('TM7','홍보팀');
INSERT INTO TEAM VALUES('TM8','인사교육팀');
INSERT INTO TEAM VALUES('TM9','영양실');
INSERT INTO TEAM VALUES('TM10','심사청구팀');
INSERT INTO TEAM VALUES('TM11','의무기록팀');
INSERT INTO TEAM VALUES('TM12','입원상담팀');
INSERT INTO TEAM VALUES('TM13','사화복지팀');
INSERT INTO TEAM VALUES('TM14','차량지원팀');
INSERT INTO TEAM VALUES('TM15','약제실');
INSERT INTO TEAM VALUES('TM16','물리치료실');
INSERT INTO TEAM VALUES('TM17','방사선실');
INSERT INTO TEAM VALUES('TM18','임상병리실');

--과샘플
INSERT INTO DEPARTMENT VALUES('10','가정의학과');
INSERT INTO DEPARTMENT VALUES('20','외과');
INSERT INTO DEPARTMENT VALUES('30','한방과');
INSERT INTO DEPARTMENT VALUES('40','간호과');
INSERT INTO DEPARTMENT VALUES('50','총무과');
INSERT INTO DEPARTMENT VALUES('60','원무과');

-- 직급샘플
INSERT INTO POSITIONS VALUES('PO1','병원장');
INSERT INTO POSITIONS VALUES('PO2','과장');
INSERT INTO POSITIONS VALUES('PO3','사원');
INSERT INTO POSITIONS VALUES('PO4','팀장');
INSERT INTO POSITIONS VALUES('PO5','간호사');
INSERT INTO POSITIONS VALUES('PO6','수간호사');
--고용코드 샘플
INSERT INTO EMPMENT VALUES('EM1','일용직');
INSERT INTO EMPMENT VALUES('EM2','위촉직');
INSERT INTO EMPMENT VALUES('EM3','정규직');
INSERT INTO EMPMENT VALUES('EM4','계약직');
INSERT INTO EMPMENT VALUES('EM5','파견직');
INSERT INTO EMPMENT VALUES('EM6','임시직');
INSERT INTO EMPMENT VALUES('EM7','인턴');

--재직샘플
INSERT INTO HOLD_OFFICE VALUES('HOD1','휴직');
INSERT INTO HOLD_OFFICE VALUES('HOD2','재직');
INSERT INTO HOLD_OFFICE VALUES('HOD3','퇴직');



--직원 샘플
INSERT INTO EMPLOYEE VALUES(SEQ_EMP_ID.NEXTVAL, '홍길동', SYSDATE, NULL, '910231-1955513',
'서울시 동작구 본동', '외국인', NULL, '010-7644-8787', 'DBH5454@GMAIL.COM',1000000, 
'NHMP_ID1','PASS_PW1', '없당', NULL, NULL, 'M', 'EM1', '20','TM1','PO3', 'gong1', 'su1', 'G1', 'BD01','HOD2' );

INSERT INTO EMPLOYEE VALUES(SEQ_EMP_ID.NEXTVAL, '박원순', SYSDATE, NULL, '680211-1936513',
'서울시 강남구 일원본동', '내국인', NULL, '010-1126-8153', 'HHH12354@GMAIL.COM',2000000, 
'NHMP_ID2','PASS_PW2', 'ㅋㅋ', NULL, NULL, 'M', 'EM7', '10','TM2','PO1' , 'gong1', 'su1', 'G1', 'BD01','HOD2' );

INSERT INTO EMPLOYEE VALUES(SEQ_EMP_ID.NEXTVAL, '유시민', SYSDATE, NULL, '650431-1923513',
'서울시 송파구 가락동', '내국인', NULL, '010-1343-1237', 'DBV5222@NAVER.COM', 3000000,
'NHMP_ID3','PASS_PW4', '극진보수', NULL, NULL, 'M', 'EM6', '40','TM2','PO2', 'gong1', 'su1', 'G1', 'BD01','HOD2'  );

INSERT INTO EMPLOYEE VALUES(SEQ_EMP_ID.NEXTVAL, '장제원', SYSDATE, NULL, '710911-1235513',
'서울시 마포구 장충동', '내국인', NULL, '010-7884-1117', 'DH5674@DAUM.NET',1111111, 
'NHMP_ID4','PASS_PW3', '자한당', NULL, NULL, 'M', 'EM5', '50','TM18','PO4', 'gong1', 'su1', 'G1', 'BD01','HOD2' );

INSERT INTO EMPLOYEE VALUES(SEQ_EMP_ID.NEXTVAL, '조국', SYSDATE, NULL, '610721-1933513',
'서울시 노원구 상봉동', '내국인', NULL, '010-7114-3255', 'H88994@GMAIL.COM', 2222222,
'NHMP_ID5','PASS_PW6', '없당', NULL, NULL, 'M', 'EM4', '10','TM3', 'PO4', 'gong1', 'su1', 'G1', 'BD01','HOD2' );

INSERT INTO EMPLOYEE VALUES(SEQ_EMP_ID.NEXTVAL, '나경원', SYSDATE, NULL, '630231-2451513',
'서울시 도봉구 마곡동', '내국인', NULL, '010-1264-1187', 'NANA6414@GMAIL.COM', 3333333,
'NHMP_ID6','PASS_PW5', '자한당입니다.', NULL, NULL, 'F', 'EM3', '20','TM1', 'PO2', 'gong1', 'su1', 'G1', 'BD01','HOD2' );

INSERT INTO EMPLOYEE VALUES(SEQ_EMP_ID.NEXTVAL, '나문희', SYSDATE, NULL, '510231-2933513',
'경기도 파주시', '내국인', NULL, '010-5544-1187', 'DBTT5114@GMAIL.COM', 1232123,
'NHMP_ID7','PASS_PW7', '영화배우 입니다.', NULL, NULL, 'M', 'EM2', '20','TM1', 'PO1', 'gong1', 'su1', 'G1', 'BD01','HOD2' );

--사원기본급여정보 샘플
INSERT INTO EMPSALARY VALUES(100, 'Y', 'Y', 'Y',30, NULL, NULL, NULL, 80, '3.3', NULL, NULL, NULL);
INSERT INTO EMPSALARY VALUES(101, 'Y', 'Y', 'Y',50, NULL, NULL, 'Y', 80, NULL, NULL, NULL, NULL);
INSERT INTO EMPSALARY VALUES(102, 'Y', 'Y', 'Y',60, NULL, NULL, NULL, 80, NULL, NULL, NULL, 'Y');
INSERT INTO EMPSALARY VALUES(103, 'Y', 'Y', 'Y',60, NULL, NULL, NULL, 80, '3.3' , NULL, NULL, NULL);

--공지사항 샘플
INSERT INTO NOTICE VALUES(NOTICE_SEQ.NEXTVAL, 'TMTS 공지사항 게시판 입니다', 
'앞으로 많은 이용 부탁드립니다', 0, SYSDATE, '마스터');


--자료실 샘플
INSERT INTO DATAROOM VALUES(DATAROOM_SEQ.NEXTVAL, 'TMTS 자료실 입니다', 
'자료실 많은 이용 부탁드립니다', SYSDATE, 0, NULL, '홍길동');

--환자 샘플
INSERT INTO PATIENT VALUES(PAT_SEQ.NEXTVAL, '차지철', '입원', SYSDATE, DEFAULT,
'M', '341106-1122334', '서울시 종로구 청와대로', '차수찬', 'CGC1106@NAVER.COM', '010-1111-2222',
'KH1병동', '조국');
INSERT INTO PATIENT VALUES(PAT_SEQ.NEXTVAL, '황영시', '입원', SYSDATE, DEFAULT,
'M', '261106-1133445', '서울시 종로구 광화문로', '황영사', 'HGS1106@NAVER.COM', '010-2222-3333',
'KH2병동', '유시민');
INSERT INTO PATIENT VALUES(PAT_SEQ.NEXTVAL, '유학성', '입원', SYSDATE, DEFAULT,
'M', '270228-1144556', '서울시 종로구 혜화로', '유호성', 'YHS0228@NAVER.COM', '010-3333-4444',
'KH3병동', '박원순');
INSERT INTO PATIENT VALUES(PAT_SEQ.NEXTVAL, '장세동', '입원', SYSDATE, DEFAULT,
'M', '360927-1155667', '서울시 종로구 종로', '장세뇌', 'JSD0927@NAVER.COM', '010-4444-5555',
'KH1병동', '장제원');
INSERT INTO PATIENT VALUES(PAT_SEQ.NEXTVAL, '노태우', '입원', SYSDATE, DEFAULT,
'M', '321204-1166778', '서울시 종로구 종각로', '노가리', 'NTW1204@NAVER.COM', '010-6666-7777',
'KH2병동', '나경원');
INSERT INTO PATIENT VALUES(PAT_SEQ.NEXTVAL, '전두환', '입원', SYSDATE, DEFAULT,
'M', '310118-1177889', '경남 합천군 율곡면', '전땅크', 'JDH0118@NAVER.COM', '010-7777-8888',
'KH3병동', '조국');

--상담일지 샘플
INSERT INTO COUNSELINGLOG VALUES(CL_SEQ.NEXTVAL, '차지철 상담일지', SYSDATE, 
'대인기피의 성향이 강하게 나타나며, 가끔 망상증을 보임.', '010-1111-2222', '없지롱', '차지철', '조국', NULL, NULL);
INSERT INTO COUNSELINGLOG VALUES(CL_SEQ.NEXTVAL, '황영시 상담일지', SYSDATE, 
'수술 후유증이 있다고 호소하며, 가끔 과한 통증증세를 보임.', '010-1111-2222', '없지롱', '황영시', '조국', NULL, NULL);
INSERT INTO COUNSELINGLOG VALUES(CL_SEQ.NEXTVAL, '유학성 상담일지', SYSDATE, 
'수술은 성공적으로 마쳤으나, 의료진에 대한 의심이 다소 보임.', '010-1111-2222', '없지롱', '유학성', '유시민', NULL, NULL);
INSERT INTO COUNSELINGLOG VALUES(CL_SEQ.NEXTVAL, '장세동 상담일지', SYSDATE, 
'수술 후 극심한 통증을 호소하며, 병실 내 다른 환자들에 대해서 불편함이 있음.', '010-1111-2222', '없지롱', '장세동', '박원순', NULL, NULL);
INSERT INTO COUNSELINGLOG VALUES(CL_SEQ.NEXTVAL, '노태우 상담일지', SYSDATE, 
'상처 소독을 시행했으나 미숙한 처리로 염증이 발생, 차후 관리필요.', '010-1111-2222', '없지롱', '노태우', '장제원', NULL, NULL);
INSERT INTO COUNSELINGLOG VALUES(CL_SEQ.NEXTVAL, '전두환 상담일지', SYSDATE, 
'병에 따른 통증이 지속적으로 발생하고 있으며, 다소 과한 약을 섭취하고자 함.', '010-1111-2222', '없지롱', '전두환', '나경원', NULL, NULL);

--투약일지 샘플
INSERT INTO MEDICIENRECORD VALUES(MR_SEQ.NEXTVAL, SYSDATE, '수술 부위에 대한 통증',
'진통제', '12:15', '100ML', '없지롱', '차지철', '조국');
INSERT INTO MEDICIENRECORD VALUES(MR_SEQ.NEXTVAL, SYSDATE, '수술 후 필요한 영양보충',
'영양제', '12:27', '400ML', '2시간 투약예정', '황영시', '유시민');
INSERT INTO MEDICIENRECORD VALUES(MR_SEQ.NEXTVAL, SYSDATE, '수술 후 안정과정에서 발생하는 통증완화',
'진통제', '12:33', '200ML', '투약시간 엄수', '유학성', '박원순');
INSERT INTO MEDICIENRECORD VALUES(MR_SEQ.NEXTVAL, SYSDATE, '수술 부위에 대한 통증',
'진통제', '08:08', '100ML', '없지롱', '장세동', '장제원');
INSERT INTO MEDICIENRECORD VALUES(MR_SEQ.NEXTVAL, SYSDATE, '상처 부위에 대한 소독 겸 통증완화',
'진통소염제', '08:13', '50ML', '없지롱', '노태우', '나경원');
INSERT INTO MEDICIENRECORD VALUES(MR_SEQ.NEXTVAL, SYSDATE, '병에 의한 통증',
'진통제', '08:22', '100ML', '없지롱', '전두환', '조국');

--캘린더 샘플
INSERT INTO CALENDAR VALUES (seq_cal.nextval, 'TMTS', '긴급일정', '이러한 이유로 소집하게 되었습니다.', SYSDATE, '2019-10-31', '카테고리1', '#D25565', DEFAULT);
INSERT INTO CALENDAR VALUES (seq_cal.nextval, 'TMTS', '중요한일정', '일정이 중요하다보니...', SYSDATE, '2019-10-29', '카테고리2', '#9775fa', DEFAULT);
INSERT INTO CALENDAR VALUES (seq_cal.nextval, 'TMTS', '사이버펑크 2077', '사이버펑크를 모르신다구요?', SYSDATE, '2019-10-28', '카테고리3', '#ffa94d', DEFAULT);
INSERT INTO CALENDAR VALUES (seq_cal.nextval, 'TMTS', '갓겜나옴', '사이버펑크 2077은 갓겜입니다.', SYSDATE, '2019-10-27', '카테고리4', '#74c0fc', DEFAULT);

--클라우드 공지사항 샘플
INSERT INTO CNOTICE VALUES(SEQ_CNOTICE.NEXTVAL, '정기점검입니다.', '정기점검', '이 날짜까지 정기점검이 있을 예정입니다.', 0, '19-10-24', '마스터');
INSERT INTO CNOTICE VALUES(SEQ_CNOTICE.NEXTVAL, '긴급점검입니다.', '긴급점검', '이 날짜까지 긴급점검이 있을 예정입니다.', 0, '19-10-25', '마스터');
INSERT INTO CNOTICE VALUES(SEQ_CNOTICE.NEXTVAL, '임시점검입니다.', '임시점검', '이 날짜까지 임시점검이 있을 예정입니다.', 0, '19-10-26', '마스터');
INSERT INTO CNOTICE VALUES(SEQ_CNOTICE.NEXTVAL, '이벤트입니다.', '이벤트', '이 날짜에 이벤트가 있을 예정입니다.', 0, '19-10-27', '마스터');
INSERT INTO CNOTICE VALUES(SEQ_CNOTICE.NEXTVAL, '알림입니다.', '알림', '이 날짜에 알림이 있을 예정입니다.', 0, '19-10-28', '마스터');

--클라우드 QNA 샘플
INSERT INTO QNA VALUES(SEQ_QNA.NEXTVAL, '이용관련입니다.', '이용관련', '이러한 이용이 궁금합니다.', 0, '19-10-24', '나원장');
INSERT INTO QNA VALUES(SEQ_QNA.NEXTVAL, '이용관련입니다.', '서비스관련', '이러한 서비스가 궁금합니다.', 0, '19-10-25', '나원장');
INSERT INTO QNA VALUES(SEQ_QNA.NEXTVAL, '이용관련입니다.', '결제관련', '이러한 결제가 궁금합니다.', 0, '19-10-26', '나원장');
INSERT INTO QNA VALUES(SEQ_QNA.NEXTVAL, '이용관련입니다.', '기타', '이러한 기타가 궁금합니다.', 0, '19-10-27', '나원장');
-- 부양가족 샘플
INSERT INTO DEPENDENTS VALUES(DPEN_SEQ_CODE.NEXTVAL,'부','고길동','내국인','N','Y','Y','N',100);
INSERT INTO DEPENDENTS VALUES(DPEN_SEQ_CODE.NEXTVAL,'모','김순자','내국인','N','Y','Y','N',100);
INSERT INTO DEPENDENTS VALUES(DPEN_SEQ_CODE.NEXTVAL,'자매','김운자','내국인','Y','N','Y','N',101);
INSERT INTO DEPENDENTS VALUES(DPEN_SEQ_CODE.NEXTVAL,'형제','김범운','내국인','Y','N','Y','N',101);
INSERT INTO DEPENDENTS VALUES(DPEN_SEQ_CODE.NEXTVAL,'부','강동균','내국인','N','Y','Y','N',102);
INSERT INTO DEPENDENTS VALUES(DPEN_SEQ_CODE.NEXTVAL,'모','오길순','내국인','N','Y','Y','N',102);
INSERT INTO DEPENDENTS VALUES(DPEN_SEQ_CODE.NEXTVAL,'형제','마동운','내국인','Y','Y','N','N',103);
INSERT INTO DEPENDENTS VALUES(DPEN_SEQ_CODE.NEXTVAL,'자매','김인영','내국인','Y','Y','N','N',103);
                                                                      
commit;

